name,party,twitter
Jonas Žnidaršič,SD,JonasZnidarsic
Felice Žiža,IMNS,
Andreja Živic,Svoboda,AndrejaZivic
Sara Žibrat,Svoboda,
Lenart Žavbi,Svoboda,lenartzavbi
Janez Žakelj,NSi,
Damijan Zrim,SD,DamijanZrim
Dejan Zavec,Svoboda,DejanZavec
Jernej Vrtovec,NSi,JernejVrtovec
Ratislav Vrečko,Svoboda,
Tamara Vonta,Svoboda,tamaravonta
Teodor Uranič,Svoboda,
Matej Tonin,NSi,MatejTonin
Matej Tašner Vatovec,Levica,Matej_T_Vatovec
Jože Tanko,SDS,TankoJoze
Lucija Tacer,Svoboda,lucija_tacer
Anton Šturbej,SDS,AntonSturbej
Katarina Štravs,Svoboda,
Mojca Šetinc Pašek,Svoboda,SetincPasek
Nataša Sukič,Levica,sukic_natasa
Dušan Stojanovič,Svoboda,
Janja Sluga,Svoboda,JanjaSl
Borut Sajovic,Svoboda,SajovicBorut
Franc Rosec,SDS,Franc_Rosec
Aleš Rezar,Svoboda,
Aleksander Reberšek,NSi,AlexRebersek
Andreja Rajbenšu,Svoboda,ARajbensu
Aleksander Prosen Kralj,Svoboda,ProsenKralj
Franc Props,Svoboda,
Martin Premk,Svoboda,
Dean Premik,Svoboda,
Jani Prednik,SD,JaniPrednik
Bojan Podkrajšek,SDS,b_podkrajsek
Monika Pekošak,Svoboda,MonikaPekosak
Gašper Ovnik,Svoboda,GaperOvnik
Tine Novak,Svoboda,TineNovak1
Tereza Novak,Svoboda,
Bojana Muršič,SD,BMursic
Zoran Mojškerc,SDS,ZoranMojskerc
Martin Marzidovšek,Svoboda,MartinMarzi
Žan Mahnič,SDS,ZanMahnic
Janez Magyar,SDS,JanezMagyar
Anže Logar,SDS,AnzeLog
Tomaž Lisec,SDS,TomazLisec
Suzana Lep Šimenko,SDS,lepsimenko
Jožef Lenart,SDS,
Miha Lamut,Svoboda,MihaLamut
Tomaž Lah,Svoboda,
Danijel Krivec,SDS,DanijelKrivec
Darko Krajnc,Svoboda,DarkoKrajnc
Tamara Kozlovič,Svoboda,TamaraKozlovic
Miha Kordiš,Levica,
Soniboj Knežak,SD,Soniboj1
Urška Klakočar Zupančič,Svoboda,klakocar_urska
Andreja Kert,Svoboda,andrejakert
Franci Kepa,SDS,franci_kepa
Dejan Kaloh,SDS,DKaloh
Alenka Jeraj,SDS,AlenkaJerajSDS
Jožef Jelen,SDS,JoeJelen2
Janez Janša,SDS,JJansaSDS
Robert Janev,Svoboda,
Milan Jakopovič,Levica,JakopovicMilan
Eva Irgl,SDS,EvaIrglL
Alma Intihar,Svoboda,
Meira Hot,SD,
Ferenc Horváth,IMNS,
Jožef Horvat,NSi,jozefhorvat
Andrej Hoivik,SDS,andrejhoivik
Alenka Helbl,SDS,alenkahelbl
Branko Grims,SDS,BrankoGrims1
Lena Grgurevič,Svoboda,lenagrgurevic
Tatjana Greif,Levica,GreifTatjana
Miroslav Gregorič,Svoboda,MGregoric
Vera Granfol,Svoboda,GranfolVera
Jelka Godec,SDS,jelka_godec
Rado Gladek,SDS,RaGlaSi
Sandra Gazinkovski,Svoboda,
Karmen Furman,SDS,Karmen_Furman
Iva Dimic,NSi,IvaDimic1
Jožica Derganc,Svoboda,
Zvonko Černač,SDS,
Bojan Čebela,Svoboda,
Mateja Čalušić,Svoboda,
Vida Čadonič Špelič,NSi,SpelicVida
Janez Cigler Kralj,NSi,jciglerkralj
Franc Breznik,SDS,FrancBreznikSDS
Mirjam Bon Klanjšček,Svoboda,MirjamBonK
Predrag Baković,SD,
Anja Bah Žibert,SDS,ANJABAHZIBERT
Nataša Avšič Bogovič,Svoboda,
Robert Golob,Svoboda,
Tanja Fajon,SD,tfajon
Luka Mesec,Levica,LukaMesec
Danijel Bešič Loredan,Svoboda,
Tatjana Bobnar,Svoboda,
Marjan Šarec,Svoboda,sarecmarjan
Klemen Boštjančič,Svoboda,
Matjaž Han,SD,
Dominika Švarc Pipan,SD,DominikaSvarc
Sanja Ajanović Hovnik,Svoboda,hovnik_sanja
Igor Papič,Svoboda,igor_papic
Bojan Kumer,Svoboda,
Asta Vrečko,Levica,AstaVrecko
Irena Šinko,Svoboda,
Uroš Brežan,Svoboda,UrosBrezan
Aleksander Jevšek,SD,jevsek
Emilija Stojmenova Duh,Svoboda,StojmenovaDuh
Matej Arčon,Svoboda,
